City_ID,City,Country,Lat,Lng,Max Temp,Humidity,Cloudiness,Wind Speed,Current Description
0,Port Keats,AU,-14.25,129.55,88.92,53,3,7.74,clear sky
1,Tuatapere,NZ,-46.1333,167.6833,53.82,65,90,10.42,overcast clouds
2,Ushuaia,AR,-54.8,-68.3,42.46,56,20,18.41,few clouds
3,Maun,BW,-19.9833,23.4167,80.56,36,0,5.75,clear sky
4,Kuytun,RU,54.3419,101.5036,34.63,71,83,6.93,broken clouds
5,Faanui,PF,-16.4833,-151.75,79.18,73,0,17.6,clear sky
6,Bredasdorp,ZA,-34.5322,20.0403,58.32,94,100,11.5,light rain
7,Upernavik,GL,72.7868,-56.1549,32.61,71,100,14.36,overcast clouds
8,Barrow,US,71.2906,-156.7887,30.22,74,90,10.36,haze
9,Lebu,CL,-37.6167,-73.65,50.16,85,100,5.95,overcast clouds
10,Longyearbyen,SJ,78.2186,15.6401,35.44,80,40,3.44,scattered clouds
11,Busselton,AU,-33.65,115.3333,63.09,83,100,11.52,light rain
12,Rikitea,PF,-23.1203,-134.9692,73.31,73,10,16.51,clear sky
13,Torbay,CA,47.6666,-52.7314,60.76,99,90,0.0,fog
14,Saint Anthony,US,45.0205,-93.218,75.7,77,90,3.44,overcast clouds
15,Albany,US,42.6001,-73.9662,50.81,93,100,5.46,overcast clouds
16,Kruisfontein,ZA,-34.0033,24.7314,58.89,95,81,4.92,broken clouds
17,Port Lincoln,AU,-34.7333,135.8667,58.53,65,21,10.36,few clouds
18,Vaini,TO,-21.2,-175.2,75.36,88,75,9.22,broken clouds
19,Punta Arenas,CL,-53.15,-70.9167,41.11,65,75,16.11,broken clouds
20,Saint-Augustin,CA,51.226,-58.6502,46.51,92,100,24.47,overcast clouds
21,Poum,NC,-20.2333,164.0167,75.51,81,62,24.58,broken clouds
22,Norman Wells,CA,65.282,-126.8329,41.04,70,75,6.91,broken clouds
23,Nanortalik,GL,60.1432,-45.2371,37.69,65,0,7.76,clear sky
24,Agadir,MA,30.4202,-9.5982,72.05,28,0,6.67,clear sky
25,Emerald,AU,-23.5333,148.1667,80.98,36,40,12.26,scattered clouds
26,Hithadhoo,MV,-0.6,73.0833,81.39,74,100,3.49,overcast clouds
27,Castro,BR,-24.7911,-50.0119,58.51,91,0,7.9,clear sky
28,Carballo,ES,43.213,-8.691,56.86,94,100,2.55,overcast clouds
29,Hilo,US,19.7297,-155.09,81.28,92,90,3.44,moderate rain
30,Aransas Pass,US,27.9095,-97.15,82.4,85,1,7.0,clear sky
31,Jinchang,CN,38.4953,102.1739,65.52,18,0,3.02,clear sky
32,Salamiyah,SY,35.0113,37.0532,65.52,75,0,5.06,clear sky
33,Seydi,TM,39.4816,62.9137,54.07,40,0,15.79,clear sky
34,Mar Del Plata,AR,-38.0023,-57.5575,56.88,63,0,4.0,fog
35,Kodiak,US,57.79,-152.4072,47.71,46,90,8.05,light rain
36,Kaitangata,NZ,-46.2817,169.8464,56.93,53,68,12.28,broken clouds
37,Miyako,JP,39.6367,141.9525,66.65,95,100,9.08,moderate rain
38,Pisco,PE,-13.7,-76.2167,62.65,82,0,18.41,clear sky
39,Port Hueneme,US,34.1478,-119.1951,92.32,46,1,11.5,clear sky
40,Elat,IL,29.5581,34.9482,75.04,78,0,11.5,clear sky
41,Pevek,RU,69.7008,170.3133,27.72,80,100,9.01,overcast clouds
42,Carauari,BR,-4.8828,-66.8958,72.88,98,100,0.85,moderate rain
43,Raudeberg,NO,61.9875,5.1352,56.07,74,100,4.0,overcast clouds
44,Alta Floresta,BR,-9.8756,-56.0861,72.34,92,68,3.13,broken clouds
45,Tura,IN,25.5198,90.2201,75.22,83,98,1.68,overcast clouds
46,Port Huron,US,42.9709,-82.4249,59.05,87,1,0.0,clear sky
47,Hofn,IS,64.2539,-15.2082,44.44,82,100,23.67,overcast clouds
48,Jamestown,US,42.097,-79.2353,49.08,92,1,0.0,clear sky
49,Sambava,MG,-14.2667,50.1667,67.26,87,7,8.7,clear sky
50,Bilma,NE,18.6853,12.9164,84.36,14,0,18.1,clear sky
51,Namie,JP,37.4833,141.0,66.78,95,100,6.69,overcast clouds
52,Coquimbo,CL,-29.9533,-71.3436,55.13,87,0,3.44,clear sky
53,Kapaa,US,22.0752,-159.319,84.18,67,20,4.0,few clouds
54,Mount Gambier,AU,-37.8333,140.7667,55.31,94,90,21.85,overcast clouds
55,Lavrentiya,RU,65.5833,-171.0,33.71,80,100,15.77,overcast clouds
56,Narsaq,GL,60.9167,-46.05,34.02,48,0,5.3,clear sky
57,Sao Joao Da Barra,BR,-21.6403,-41.0511,71.65,84,96,6.73,overcast clouds
58,Luwuk,ID,-0.9516,122.7875,80.56,84,99,3.67,overcast clouds
59,Atuona,PF,-9.8,-139.0333,78.04,71,0,16.75,clear sky
60,Mataura,NZ,-46.1927,168.8643,53.47,72,100,7.14,overcast clouds
61,Pokhara,NP,28.2333,83.9833,69.08,90,97,2.46,overcast clouds
62,Havre,FR,49.5833,0.3333,56.97,82,90,11.5,overcast clouds
63,Bengkulu,ID,-3.8004,102.2655,76.41,84,100,4.32,overcast clouds
64,Butaritari,KI,3.0707,172.7902,81.72,76,23,11.77,light rain
65,Ngerengere,TZ,-6.75,38.1167,70.65,90,69,1.61,broken clouds
66,Klaksvik,FO,62.2266,-6.589,49.12,81,20,18.57,few clouds
67,Inhambane,MZ,-23.865,35.3833,69.17,89,15,5.93,few clouds
68,Kautokeino,NO,69.0125,23.0412,39.07,95,66,15.77,broken clouds
69,New Norfolk,AU,-42.7826,147.0587,60.75,69,100,1.01,overcast clouds
70,Iranshahr,IR,27.2025,60.6848,83.73,44,14,6.17,few clouds
71,Gravdal,NO,68.1214,13.5031,49.33,76,28,11.23,scattered clouds
72,Kathmandu,NP,27.7167,85.3167,68.22,100,75,0.0,light rain
73,Pyaozerskiy,RU,65.8333,31.1667,43.97,74,98,5.64,overcast clouds
74,Beringovskiy,RU,63.05,179.3167,30.56,78,100,17.74,overcast clouds
75,Cape Town,ZA,-33.9258,18.4232,59.41,73,0,13.8,clear sky
76,Dawson Creek,CA,55.7666,-120.2362,58.35,47,1,17.27,clear sky
77,Broome,US,42.2506,-75.833,52.66,74,20,1.01,few clouds
78,Pacifica,US,37.6138,-122.4869,88.21,33,20,17.27,few clouds
79,Bluff,NZ,-46.6,168.3333,53.8,76,63,22.46,broken clouds
80,Nouadhibou,MR,20.931,-17.0347,70.59,88,74,15.21,broken clouds
81,Tingi,TZ,-11.3,35.0333,64.81,61,6,5.08,clear sky
82,Souillac,MU,-20.5167,57.5167,72.36,78,75,12.66,broken clouds
83,East London,ZA,-33.0153,27.9116,62.04,90,2,7.47,clear sky
84,Pacific Grove,US,36.6177,-121.9166,85.75,55,1,3.0,clear sky
85,Santa Rosalia,MX,27.3167,-112.2833,78.01,62,0,4.14,clear sky
86,Antofagasta,CL,-23.65,-70.4,58.28,78,57,4.65,broken clouds
87,La Ronge,CA,55.1001,-105.2842,62.85,34,75,6.91,broken clouds
88,Saint-Pierre,RE,-21.3393,55.4781,71.24,77,45,8.05,scattered clouds
89,Ulaangom,MN,49.9811,92.0667,39.96,68,100,2.39,overcast clouds
90,Bull Savanna,JM,17.8868,-77.5902,78.49,76,1,1.59,clear sky
91,Bartica,GY,6.4,-58.6167,77.32,93,27,3.44,scattered clouds
92,Thompson,CA,55.7435,-97.8558,48.36,71,20,3.44,few clouds
93,Ostersund,SE,63.1792,14.6357,45.05,100,90,14.97,overcast clouds
94,Novyy Rogachik,RU,48.6768,44.0608,36.5,61,7,3.09,clear sky
95,Margate,GB,51.3813,1.3862,62.31,80,100,4.0,overcast clouds
96,Chokurdakh,RU,70.6333,147.9167,18.45,88,24,9.28,few clouds
97,Oytal,KZ,42.9057,73.2697,44.47,57,6,3.36,clear sky
98,Hermanus,ZA,-34.4187,19.2345,56.89,87,97,8.43,light rain
99,Jalingo,NG,8.8833,11.3667,75.04,90,100,2.59,light rain
100,Puerto Ayora,EC,-0.7393,-90.3518,70.16,91,54,6.73,broken clouds
101,Anchorage,US,61.2181,-149.9003,47.68,50,1,4.0,clear sky
102,Dzilam Gonzalez,MX,21.2833,-88.9333,81.81,72,95,8.19,overcast clouds
103,Rio Gallegos,AR,-51.6226,-69.2181,41.05,48,0,14.97,clear sky
104,Jizan,SA,17.3333,42.6667,86.94,68,83,3.98,broken clouds
105,Guozhen,CN,34.3659,107.359,75.15,71,90,2.62,light rain
106,Waitati,NZ,-45.75,170.5667,55.85,58,98,6.49,overcast clouds
107,Ribeira Grande,PT,38.5167,-28.7,71.6,83,16,2.24,few clouds
108,Cabo San Lucas,MX,22.8909,-109.9124,86.61,65,1,6.91,clear sky
109,Caravelas,BR,-17.7125,-39.2481,73.4,88,0,5.5,clear sky
110,Hasaki,JP,35.7333,140.8333,68.29,96,100,32.06,overcast clouds
111,Ahipara,NZ,-35.1667,173.1667,60.67,53,0,6.15,clear sky
112,Turayf,SA,31.6725,38.6637,62.85,36,0,6.91,clear sky
113,Payson,US,40.0444,-111.7321,63.37,45,1,10.36,clear sky
114,Belle Glade,US,26.6845,-80.6676,82.99,81,1,10.71,clear sky
115,Hobart,AU,-42.8794,147.3294,61.11,96,90,3.0,overcast clouds
116,Riyadh,SA,24.6877,46.7219,73.54,13,2,1.83,clear sky
117,Yellowknife,CA,62.456,-114.3525,48.42,100,75,8.05,light rain
118,Vagur,FO,61.4732,-6.8119,49.23,74,0,19.93,clear sky
119,Chota,PE,-6.55,-78.65,56.03,90,97,2.24,overcast clouds
120,Port Blair,IN,11.6667,92.75,82.49,80,57,9.1,broken clouds
121,Portland,US,45.5234,-122.6762,61.84,91,75,1.99,broken clouds
122,Saint-Francois,FR,46.4154,3.9054,41.68,100,0,0.0,clear sky
123,Japura,ID,-0.3167,102.35,74.35,89,100,3.29,overcast clouds
124,Isangel,VU,-19.55,169.2667,78.91,69,100,19.57,overcast clouds
125,Saskylakh,RU,71.9167,114.0833,21.88,91,100,2.17,overcast clouds
126,Mae Hong Son,TH,19.3003,97.9685,78.94,89,75,0.0,broken clouds
127,Lulea,SE,65.5842,22.1547,48.27,81,90,6.91,overcast clouds
128,Hobyo,SO,5.3505,48.5268,77.88,88,93,17.13,overcast clouds
129,Baturaja,ID,-4.1333,104.1667,77.07,83,100,2.21,heavy intensity rain
130,Mahebourg,MU,-20.4081,57.7,72.25,78,75,12.66,light rain
131,Requena,ES,39.4883,-1.1004,64.13,94,20,1.83,few clouds
132,Georgetown,MY,5.4112,100.3354,84.13,82,20,3.44,few clouds
133,Lagoa,PT,39.05,-27.9833,70.12,86,20,4.52,few clouds
134,Saldanha,ZA,-33.0117,17.9442,53.65,90,0,11.12,clear sky
135,Nikolskoye,RU,59.7035,30.7861,42.69,96,51,4.76,broken clouds
136,Iqaluit,CA,63.7506,-68.5145,26.33,100,1,2.3,fog
137,Talcahuano,CL,-36.7167,-73.1167,51.48,76,0,4.61,clear sky
138,Geraldton,AU,-28.7667,114.6,66.61,88,40,13.8,scattered clouds
139,Iskateley,RU,67.6803,53.1512,32.41,85,78,1.21,broken clouds
140,Tasiilaq,GL,65.6145,-37.6368,35.76,87,8,5.01,clear sky
141,Rawson,AR,-43.3002,-65.1023,51.1,59,2,14.41,clear sky
142,Lumeje,AO,-11.55,20.7833,69.01,78,100,10.89,overcast clouds
143,Asau,RO,46.4333,26.4,42.76,85,41,2.35,scattered clouds
144,Port Hedland,AU,-20.3167,118.5667,82.45,65,5,11.5,clear sky
145,Tezu,IN,27.9167,96.1667,77.07,84,65,0.51,broken clouds
146,Coihaique,CL,-45.5752,-72.0662,40.95,65,62,4.61,light rain
147,Fort Nelson,CA,58.8053,-122.7002,42.39,87,90,5.75,overcast clouds
148,Panaba,MX,21.2833,-88.2667,80.04,74,25,10.71,scattered clouds
149,Zhigansk,RU,66.7697,123.3711,35.29,45,17,6.35,few clouds
150,Sao Filipe,CV,14.8961,-24.4956,79.63,77,100,4.38,overcast clouds
151,Leningradskiy,RU,69.3833,178.4167,26.47,92,100,13.24,light snow
152,Glenwood Springs,US,39.5505,-107.3248,61.12,79,98,2.48,overcast clouds
153,Victoria,HK,22.2855,114.1577,89.65,80,0,1.99,clear sky
154,Chuy,UY,-33.6971,-53.4616,59.43,93,100,14.27,overcast clouds
155,Abu Dhabi,AE,24.4667,54.3667,86.11,84,0,4.61,clear sky
156,Merauke,ID,-8.4667,140.3333,82.54,77,55,11.23,broken clouds
157,Bethel,US,41.3712,-73.414,57.65,83,1,3.44,clear sky
158,Hanstholm,DK,57.1167,8.6167,52.75,92,100,27.85,light rain
159,Atambua,ID,-9.1061,124.8925,85.96,44,24,2.89,few clouds
160,Port Elizabeth,ZA,-33.918,25.5701,62.89,100,90,4.61,mist
161,Barra Da Estiva,BR,-13.6261,-41.3269,68.79,48,5,4.5,clear sky
162,La Rioja,ES,42.25,-2.5,51.48,73,96,4.85,overcast clouds
163,Areosa,PT,41.7178,-8.8571,63.32,77,100,10.47,overcast clouds
164,Cankuzo,BI,-3.1333,30.5833,62.94,72,100,0.94,overcast clouds
165,Buta,CD,2.7858,24.73,70.54,100,100,1.12,overcast clouds
166,Severo-Kurilsk,RU,50.6789,156.125,48.51,96,100,21.85,moderate rain
167,Yaan,NG,7.3833,8.5667,72.32,96,100,5.23,moderate rain
168,Hendrina,ZA,-26.1588,29.7153,53.28,89,39,3.87,scattered clouds
169,Ewa Beach,US,21.3156,-158.0072,84.15,61,75,14.97,broken clouds
170,Novichikha,RU,52.204,81.3877,37.6,96,100,9.62,overcast clouds
171,Christchurch,NZ,-43.5333,172.6333,60.48,51,0,8.01,clear sky
172,Kirakira,SB,-10.4544,161.9205,84.63,69,99,8.41,overcast clouds
173,Bambous Virieux,MU,-20.3428,57.7575,72.21,78,75,12.66,light rain
174,Taitung,TW,22.7583,121.1444,86.27,58,20,2.3,few clouds
175,Port Alfred,ZA,-33.5906,26.891,60.98,91,0,9.06,clear sky
176,Manokwari,ID,-0.8667,134.0833,83.79,68,23,4.41,few clouds
177,Morro Bay,US,35.3658,-120.8499,88.38,36,0,1.99,clear sky
178,San Benito Abad,CO,8.929,-75.0271,76.51,91,28,6.69,scattered clouds
179,Yar-Sale,RU,66.8333,70.8333,34.09,86,100,19.82,overcast clouds
180,Kilrush,IE,52.6397,-9.4833,55.15,86,11,27.56,few clouds
181,Denpasar,ID,-8.65,115.2167,79.72,88,40,5.75,scattered clouds
182,Airai,TL,-8.9266,125.4092,79.41,26,44,3.0,scattered clouds
183,Bansi,IN,27.1833,82.9333,76.19,92,95,4.88,overcast clouds
184,Komsomolskiy,UZ,40.4272,71.7189,56.62,42,54,2.95,broken clouds
185,Fortuna,US,40.5982,-124.1573,75.18,70,75,5.01,broken clouds
186,Avera,US,33.194,-82.5271,76.71,61,100,3.0,overcast clouds
187,Bardiyah,LY,31.7561,25.0865,72.9,72,47,11.59,scattered clouds
188,Qaanaaq,GL,77.484,-69.3632,27.52,95,100,14.38,light snow
189,Khatanga,RU,71.9667,102.5,28.58,97,99,6.58,overcast clouds
190,Mingshui,CN,36.7167,117.5,79.59,74,0,4.21,light rain
191,Turukhansk,RU,65.8167,87.9833,34.32,98,100,7.83,overcast clouds
192,Doha,QA,25.2867,51.5333,85.98,48,0,4.61,clear sky
193,Saiha,IN,22.4833,92.9667,73.33,87,74,1.57,broken clouds
194,San Jose,US,37.3394,-121.895,88.36,21,20,1.01,smoke
195,Salalah,OM,17.0151,54.0924,82.49,78,75,4.61,broken clouds
196,Arraial Do Cabo,BR,-22.9661,-42.0278,69.53,87,100,8.57,overcast clouds
197,Vardo,NO,70.3705,31.1107,47.05,71,85,15.93,overcast clouds
198,Sampang,ID,-7.1872,113.2394,80.55,69,16,16.46,few clouds
199,Constitucion,CL,-35.3333,-72.4167,48.45,78,6,9.69,clear sky
200,Kapuskasing,CA,49.4169,-82.4331,46.49,87,20,3.44,few clouds
201,Hilton Head Island,US,32.2163,-80.7526,75.97,84,1,0.0,clear sky
202,Arlit,NE,18.7369,7.3853,86.07,11,8,12.17,clear sky
203,Moussoro,TD,13.6408,16.4901,86.36,18,5,8.88,clear sky
204,Kudahuvadhoo,MV,2.6708,72.8944,82.29,70,100,7.76,overcast clouds
205,San Quintin,MX,30.4833,-115.95,70.75,74,0,9.4,clear sky
206,Fort Pierce,US,27.4467,-80.3256,81.05,73,1,7.0,clear sky
207,Nanchang,CN,28.6833,115.8833,80.29,62,0,2.64,clear sky
208,Mundi,IN,22.0667,76.5,75.85,89,22,3.85,few clouds
209,Patacamaya,BO,-17.2333,-67.9167,49.69,69,44,6.67,scattered clouds
210,Harper,LR,4.375,-7.7169,76.82,88,94,4.83,light rain
211,Celestun,MX,20.8667,-90.4,82.63,75,99,16.98,overcast clouds
212,Katsuura,JP,35.1333,140.3,69.82,96,100,36.64,overcast clouds
213,Misratah,LY,32.3754,15.0925,76.66,62,0,9.6,clear sky
214,Kavieng,PG,-2.5744,150.7967,84.56,73,91,14.7,light rain
215,Mangai,CD,-4.05,19.5333,68.79,99,91,2.13,overcast clouds
216,Vanderhoof,CA,54.0166,-124.0198,54.61,46,71,11.72,broken clouds
217,Sabang,ID,5.8933,95.3214,78.94,82,100,4.63,light rain
218,Sawakin,SD,19.1059,37.3321,84.49,64,85,5.66,overcast clouds
219,Cherskiy,RU,68.75,161.3,21.04,90,22,7.27,few clouds
220,Marsa Matruh,EG,31.3525,27.2453,73.06,68,3,12.8,clear sky
221,Acari,PE,-15.4311,-74.6158,67.32,72,22,3.09,few clouds
222,West Columbia,US,33.9935,-81.074,78.42,76,20,0.0,few clouds
223,Shache,CN,38.4167,77.2406,64.54,20,0,7.23,clear sky
224,Sinnamary,GF,5.3833,-52.95,79.77,82,97,10.27,overcast clouds
225,Ostrovnoy,RU,68.0531,39.5131,42.4,86,100,4.79,overcast clouds
226,Ucar,AZ,40.519,47.6542,56.26,80,100,5.35,overcast clouds
227,Flin Flon,CA,54.7682,-101.865,54.21,50,8,6.64,clear sky
228,Rayevskiy,RU,54.0658,54.9468,41.67,81,100,5.7,overcast clouds
229,Grand Gaube,MU,-20.0064,57.6608,72.37,74,95,7.0,light rain
230,Hakkari,TR,37.5833,44.1667,46.18,62,0,2.37,clear sky
231,Borovoy,RU,55.4333,86.0833,38.48,100,90,8.95,light intensity shower rain
232,Port Macquarie,AU,-31.4333,152.9167,73.36,55,63,7.7,broken clouds
233,Richards Bay,ZA,-28.783,32.0377,66.47,86,100,14.9,light rain
234,Nome,US,64.5011,-165.4064,35.67,55,40,16.11,scattered clouds
235,Jumla,NP,29.2747,82.1838,58.03,90,29,2.59,scattered clouds
236,San Patricio,US,28.017,-97.5169,82.26,74,90,12.93,overcast clouds
237,La Spezia,IT,44.1105,9.8434,67.8,72,3,8.68,clear sky
238,Itarema,BR,-2.9248,-39.9167,78.67,84,28,9.78,scattered clouds
239,Port Hardy,CA,50.6996,-127.4199,55.58,82,75,6.91,light intensity shower rain
240,Labuhan,ID,-6.8844,112.2051,84.7,61,91,13.47,overcast clouds
241,Bria,CF,6.5423,21.9863,68.65,97,100,3.22,overcast clouds
242,Ilulissat,GL,69.2167,-51.1,30.22,59,75,3.44,broken clouds
243,Oyama,JP,36.3,139.8,68.83,84,100,12.28,moderate rain
244,Nemuro,JP,43.3236,145.575,66.63,92,100,10.63,overcast clouds
245,Bhuj,IN,23.2667,69.6667,77.68,92,100,14.99,light rain
246,Hauterive,FR,46.0901,3.4459,47.16,86,8,3.94,clear sky
247,Kwinana,AU,-32.25,115.7667,62.74,86,93,20.02,light rain
248,Mumford,GH,5.2618,-0.759,76.53,89,62,8.88,light rain
249,Okhotsk,RU,59.3833,143.3,34.61,94,100,12.48,light rain
250,Magadan,RU,59.5667,150.8,35.56,89,100,29.97,light rain
251,Guerrero Negro,MX,27.9769,-114.0611,70.41,63,0,13.29,clear sky
252,Batagay-Alyta,RU,67.8006,130.4114,25.7,56,18,2.39,few clouds
253,Viedma,AR,-40.8135,-62.9967,58.66,26,53,9.69,broken clouds
254,Tecoanapa,MX,16.5167,-98.75,81.0,77,20,1.5,few clouds
255,Sembe,CG,1.6481,14.5806,70.27,99,100,2.89,overcast clouds
256,Coffs Harbour,AU,-30.3,153.1333,73.36,68,75,8.05,broken clouds
257,Launceston,AU,-41.45,147.1667,68.61,72,40,7.0,scattered clouds
258,Codrington,AU,-38.2667,141.9667,57.9,95,86,19.17,overcast clouds
259,Qaqortoq,GL,60.7167,-46.0333,34.3,51,0,2.68,clear sky
260,Talnakh,RU,69.4865,88.3972,29.5,97,100,3.51,overcast clouds
261,Morgan City,US,29.6994,-91.2068,78.01,100,75,6.91,broken clouds
262,Nizwa,OM,22.9333,57.5333,83.07,58,100,1.3,overcast clouds
263,Bhanpuri,IN,21.1,80.9167,75.63,92,100,2.06,overcast clouds
264,Ketchikan,US,55.3422,-131.6461,53.58,88,100,6.44,light rain
265,Mongu,ZM,-15.2484,23.1274,76.66,29,72,7.11,broken clouds
266,Neryungri,RU,56.6709,124.6491,28.38,87,100,9.64,overcast clouds
267,Moron,AR,-34.6534,-58.6198,62.35,98,22,9.46,few clouds
268,Bambanglipuro,ID,-7.95,110.2833,78.94,77,100,6.87,overcast clouds
269,Moose Factory,CA,51.2585,-80.6094,48.18,87,90,5.75,overcast clouds
270,Yarada,IN,17.65,83.2667,77.32,100,20,2.3,mist
271,Santa Marta,CO,11.2408,-74.199,82.45,78,40,10.36,scattered clouds
272,Kailua,US,21.4022,-157.7394,84.18,69,75,14.97,broken clouds
273,Nantucket,US,41.2835,-70.0995,59.97,65,40,8.05,scattered clouds
274,Aklavik,CA,68.2191,-135.0107,31.03,94,70,4.47,broken clouds
275,Lisakovsk,KZ,52.5369,62.4936,33.84,76,33,7.94,scattered clouds
276,Houston,US,29.7633,-95.3633,80.35,82,1,1.99,clear sky
277,Lewistown,US,40.5992,-77.5714,57.78,77,34,2.86,scattered clouds
278,Esso,RU,55.9333,158.7,37.81,98,100,5.21,overcast clouds
279,Sur,OM,22.5667,59.5289,87.37,60,100,4.07,overcast clouds
280,Diego De Almagro,CL,-26.3667,-70.05,62.82,31,0,1.41,clear sky
281,Meulaboh,ID,4.1363,96.1285,77.0,90,100,6.89,light rain
282,Srednekolymsk,RU,67.45,153.6833,28.38,57,0,10.98,clear sky
283,Tommot,RU,58.9564,126.2925,32.07,97,100,9.57,snow
284,Bilibino,RU,68.0546,166.4372,13.35,92,78,1.23,broken clouds
285,Beloha,MG,-25.1667,45.05,66.63,97,5,4.21,clear sky
286,Ati,TD,13.2154,18.3353,84.06,18,8,6.38,clear sky
287,Tessalit,ML,20.1986,1.0114,84.74,10,100,9.91,overcast clouds
288,Cockburn Town,TC,21.4612,-71.1419,83.43,71,4,13.73,clear sky
289,Puerto Escondido,MX,15.85,-97.0667,83.23,61,40,0.0,scattered clouds
290,Gweta,BW,-20.1833,25.2333,74.98,38,15,15.5,few clouds
291,Kutum,SD,14.2,24.6667,74.66,25,5,8.3,clear sky
292,Batticaloa,LK,7.7102,81.6924,79.07,81,100,2.26,moderate rain
293,Mount Isa,AU,-20.7333,139.5,85.77,16,5,13.8,clear sky
294,Ponta Do Sol,PT,32.6667,-17.1,72.23,68,7,8.28,clear sky
295,Tondano,ID,1.3038,124.9112,82.49,62,14,2.71,few clouds
296,Dikson,RU,73.5069,80.5464,32.34,85,100,23.09,overcast clouds
297,Avarua,CK,-21.2078,-159.775,80.65,69,20,12.66,few clouds
298,Panjab,AF,34.388,67.0233,48.47,45,3,3.67,clear sky
299,Vanimo,PG,-2.6741,141.3028,82.4,78,100,1.52,overcast clouds
300,Lompoc,US,34.6391,-120.4579,87.08,58,1,8.05,clear sky
301,Kawalu,ID,-7.3817,108.2082,76.41,82,78,4.79,broken clouds
302,Carnarvon,AU,-24.8667,113.6333,75.27,73,90,14.97,overcast clouds
303,Romitan,UZ,39.9343,64.3814,51.75,43,0,16.11,clear sky
304,Ambon,ID,-3.6954,128.1814,82.54,89,40,3.44,scattered clouds
305,Banda Aceh,ID,5.5577,95.3222,78.3,82,100,7.43,light rain
306,Kaura Namoda,NG,12.5898,6.5779,78.4,65,53,6.51,broken clouds
307,Chiredzi,ZW,-21.05,31.6667,66.88,73,11,6.98,few clouds
308,Cidreira,BR,-30.1811,-50.2056,63.61,92,100,27.18,heavy intensity rain
309,Touros,BR,-5.1989,-35.4608,77.9,82,21,14.88,few clouds
310,Tilichiki,RU,60.4667,166.1,36.39,32,19,6.2,few clouds
311,Vizinga,RU,61.0749,50.1031,44.02,96,100,3.4,overcast clouds
312,Basco,PH,20.4487,121.9702,83.43,77,96,5.7,overcast clouds
313,College,US,64.8569,-147.8028,39.58,65,75,4.61,broken clouds
314,Elizabeth City,US,36.2946,-76.2511,68.02,84,1,5.75,clear sky
315,Linxia,CN,35.6003,103.2064,59.36,44,0,1.95,clear sky
316,Angoram,PG,-4.0625,144.0661,80.85,89,100,0.92,light rain
317,Clyde River,CA,70.4692,-68.5914,33.31,74,100,6.69,overcast clouds
318,Chenzhou,CN,25.8,113.0333,85.86,50,0,0.49,clear sky
319,Mezhdurechenskiy,RU,59.6,65.9333,35.29,79,100,10.45,overcast clouds
320,Khairagarh,IN,26.95,77.8167,80.82,76,81,5.17,broken clouds
321,Conde,BR,-7.2597,-34.9075,74.66,100,20,5.75,few clouds
322,Anadyr,RU,64.75,177.4833,30.7,68,0,8.01,clear sky
323,Wamba,NG,8.9333,8.6,71.91,93,100,2.93,light rain
324,Voljevac,BA,43.8786,17.6592,50.45,97,78,3.8,broken clouds
325,Erzin,TR,36.9559,36.2,68.72,82,4,1.41,clear sky
326,Ipora,BR,-16.4419,-51.1178,83.66,39,86,4.47,overcast clouds
327,Bathsheba,BB,13.2167,-59.5167,84.81,74,75,17.27,broken clouds
328,Isla Mujeres,MX,21.2311,-86.731,84.25,76,98,10.78,overcast clouds
329,Krasnoye,UA,49.9145,24.6134,51.19,63,100,4.97,overcast clouds
330,Carsamba,TR,41.1989,36.7219,58.75,77,75,8.05,broken clouds
331,Burnie,AU,-41.0667,145.9167,60.84,82,50,8.14,scattered clouds
332,Saint George,US,37.1041,-113.5841,77.47,16,1,1.99,clear sky
333,Yerbogachen,RU,61.2767,108.0108,34.03,73,21,4.79,few clouds
334,Accra,GH,5.556,-0.1969,77.16,88,84,9.86,light rain
335,Valdivia,CL,-39.8142,-73.2459,46.49,98,100,0.58,overcast clouds
336,Husavik,IS,66.0449,-17.3389,40.91,83,100,19.93,overcast clouds
337,Champerico,GT,14.3,-91.9167,84.34,78,100,4.25,overcast clouds
338,Tazovskiy,RU,67.4667,78.7,32.0,93,100,18.39,overcast clouds
339,Binzhou,CN,37.3667,118.0167,80.28,79,0,4.7,light rain
340,Hobbs,US,32.7026,-103.136,69.03,74,1,3.0,clear sky
341,Vilyuysk,RU,63.7553,121.6247,32.68,53,67,5.1,broken clouds
342,Bentiu,SS,9.2333,29.8333,73.44,78,7,2.26,clear sky
343,Soyo,AO,-6.1349,12.3689,75.27,83,100,6.06,overcast clouds
344,Wuda,CN,39.4994,106.7117,66.51,20,0,3.27,clear sky
345,Lasa,IT,46.6166,10.7002,56.03,90,72,2.33,broken clouds
346,Houma,US,29.5958,-90.7195,79.0,89,100,6.2,overcast clouds
347,Innisfail,AU,-17.5333,146.0333,79.84,63,100,6.55,overcast clouds
348,Shangrao,CN,28.4532,117.9686,80.49,73,0,0.69,clear sky
349,Sao Felix Do Xingu,BR,-6.6447,-51.995,72.77,87,28,0.94,scattered clouds
350,Miloslavskoye,RU,53.5815,39.4399,38.97,88,22,3.83,few clouds
351,Tuktoyaktuk,CA,69.4541,-133.0374,32.0,69,20,2.3,few clouds
352,Kihei,US,20.785,-156.4656,84.22,76,40,18.41,light rain
353,Nioro,GM,13.35,-15.75,76.39,92,9,5.7,clear sky
354,Natal,BR,-5.795,-35.2094,77.65,88,20,4.61,few clouds
355,Yurga,RU,55.7231,84.8861,37.44,98,100,7.09,light rain
356,Noumea,NC,-22.2763,166.4572,84.18,99,24,15.61,few clouds
357,Haines Junction,CA,60.7522,-137.5108,46.35,57,99,4.61,overcast clouds
358,Inyonga,TZ,-6.7167,32.0667,70.14,47,8,5.57,clear sky
359,Pilibanga,IN,29.4916,74.079,85.86,63,0,6.24,clear sky
360,Hamilton,US,39.1834,-84.5333,68.22,78,1,0.0,clear sky
361,Havelock,US,34.8791,-76.9013,73.35,86,40,0.0,scattered clouds
362,Oriximina,BR,-1.7656,-55.8661,82.47,61,100,3.33,overcast clouds
363,Vila,PT,42.0304,-8.1588,52.34,89,100,2.04,overcast clouds
364,Shimoda,JP,34.6667,138.95,68.36,92,100,33.84,overcast clouds
365,Parkersburg,US,39.2667,-81.5615,59.0,85,1,0.0,clear sky
366,Bonthe,SL,7.5264,-12.505,77.09,89,19,4.63,light rain
367,Xai-Xai,MZ,-25.0519,33.6442,69.62,85,100,4.92,overcast clouds
368,Namatanai,PG,-3.6667,152.4333,83.64,71,99,8.21,light rain
369,Mahibadhoo,MV,3.7833,72.9667,82.35,71,100,10.2,overcast clouds
370,Gazanjyk,TM,39.2446,55.5154,56.05,48,8,14.09,clear sky
371,Bongandanga,CD,1.5,21.05,68.83,100,100,2.21,overcast clouds
372,Dawlatabad,AF,36.4141,64.9053,58.59,49,0,4.16,clear sky
373,Iquique,CL,-20.2208,-70.1431,62.64,78,23,3.33,few clouds
374,Olinda,BR,-8.0089,-34.8553,78.53,83,75,9.22,broken clouds
375,Provideniya,RU,64.3833,-173.3,35.71,55,90,15.66,light snow
376,Peniche,PT,39.3558,-9.3811,63.63,92,100,14.0,overcast clouds
377,Castrillon,ES,43.3979,-6.7922,57.74,87,100,3.83,overcast clouds
378,Charlestown,AU,-32.95,151.6667,78.03,50,26,1.99,scattered clouds
379,Aksarka,RU,66.5606,67.7975,33.48,87,76,15.39,broken clouds
380,Morondava,MG,-20.2833,44.2833,76.26,73,17,7.7,few clouds
381,Honningsvag,NO,70.9821,25.9704,45.73,79,21,16.78,few clouds
382,Aden,YE,12.7794,45.0367,85.75,74,100,2.68,overcast clouds
383,Udachnyy,RU,66.4167,112.4,35.64,50,45,2.73,scattered clouds
384,Kudowa-Zdroj,PL,50.443,16.244,45.81,71,100,2.89,overcast clouds
385,Amudat,UG,1.95,34.95,71.42,68,100,0.36,overcast clouds
386,Inta,RU,66.0317,60.1659,35.58,76,100,7.87,overcast clouds
387,Kalur Kot,PK,32.1564,71.2594,87.78,47,0,3.83,clear sky
388,Saint-Philippe,RE,-21.3585,55.7679,71.15,80,51,11.79,broken clouds
389,Pak Phanang,TH,8.3511,100.202,86.02,79,100,3.18,overcast clouds
390,Calabozo,VE,8.9242,-67.4293,76.17,87,94,2.42,moderate rain
391,Najran,SA,17.4924,44.1277,68.65,16,100,2.82,overcast clouds
392,Rundu,NA,-17.9333,19.7667,72.46,25,14,4.47,few clouds
393,Sola,VU,-13.8833,167.55,79.59,83,100,22.15,overcast clouds
394,Safaga,EG,26.7292,33.9365,81.23,46,0,15.84,clear sky
395,Jhawarian,PK,32.3614,72.6228,84.7,55,38,2.06,scattered clouds
396,Orel-Izumrud,RU,43.4583,39.9244,59.02,87,90,8.99,overcast clouds
397,Huilong,CN,31.8111,121.655,78.98,66,0,1.36,clear sky
398,Swan River,CA,52.1058,-101.2676,55.29,47,1,4.61,clear sky
399,Tiksi,RU,71.6872,128.8694,30.96,68,100,4.18,overcast clouds
400,Fare,PF,-16.7,-151.0167,78.78,74,0,17.94,clear sky
401,Ovalle,CL,-30.5983,-71.2003,59.09,57,0,2.89,clear sky
402,Bafoulabe,ML,13.8065,-10.8321,77.67,76,5,1.43,clear sky
403,Laguna,US,38.421,-121.4238,87.94,20,1,1.01,clear sky
404,Lorengau,PG,-2.0226,147.2712,78.66,87,100,8.01,moderate rain
405,Mosquera,CO,4.7059,-74.2302,53.69,94,75,2.3,light intensity drizzle
406,Kavaratti,IN,10.5669,72.642,81.72,79,100,13.22,overcast clouds
407,Karratha,AU,-20.7377,116.8463,82.15,36,3,12.19,clear sky
408,Paragominas,BR,-2.9667,-47.4833,73.8,92,51,3.58,broken clouds
409,Plaisance-Du-Touch,FR,43.5657,1.2975,58.75,100,0,2.3,clear sky
410,Le Vauclin,MQ,14.5452,-60.8388,78.84,94,40,2.3,scattered clouds
411,Safford,US,32.834,-109.7076,72.52,49,1,6.91,clear sky
412,Sitka,US,57.0531,-135.33,51.69,66,90,19.57,light rain
413,Wadi Maliz,TN,36.4681,8.5495,62.26,82,27,3.2,scattered clouds
414,Jiazi,CN,22.8779,116.067,84.85,74,6,9.17,clear sky
415,Tieli,CN,46.95,128.05,48.4,69,83,7.81,broken clouds
416,Esperance,AU,-33.8667,121.9,64.24,55,100,9.42,overcast clouds
417,Asyut,EG,27.181,31.1837,74.95,57,0,14.09,clear sky
418,Isla Vista,US,34.4133,-119.861,88.07,27,1,10.36,clear sky
419,Audincourt,FR,47.4833,6.8534,48.79,85,16,2.39,few clouds
420,Ixtapa,MX,20.7,-105.2,83.43,74,90,4.61,overcast clouds
421,Lewiston,US,44.1003,-70.2148,51.39,94,1,0.0,clear sky
422,San Borja,BO,-14.8167,-66.85,84.38,52,96,4.85,overcast clouds
423,Turkan,AZ,40.3639,50.215,59.18,67,90,13.8,overcast clouds
424,Alofi,NU,-19.0595,-169.9187,78.69,73,75,16.11,broken clouds
425,Abu Samrah,SY,35.3029,37.1841,66.79,68,0,3.38,clear sky
426,Capul,PH,12.4237,124.1811,83.84,75,100,8.1,overcast clouds
427,Maniitsoq,GL,65.4167,-52.9,35.58,58,100,5.68,overcast clouds
428,Zemio,CF,5.0314,25.1361,68.38,98,100,1.88,overcast clouds
429,Dingle,PH,10.9995,122.6711,83.91,76,75,2.1,broken clouds
430,Taltal,CL,-25.4,-70.4833,62.87,63,0,5.46,clear sky
431,Ukiah,US,39.1502,-123.2078,88.12,28,1,4.61,clear sky
432,Moree,AU,-29.4667,149.85,75.22,64,75,13.8,broken clouds
433,Nedjo,ET,9.5046,35.5019,56.07,92,16,0.22,few clouds
434,Puerto Carreno,CO,6.189,-67.4859,78.39,85,100,1.99,overcast clouds
435,Acapulco,MX,16.8634,-99.8901,82.22,78,75,0.0,broken clouds
436,Verkhnyaya Inta,RU,65.9811,60.3094,35.15,77,100,7.09,overcast clouds
437,Springdale,US,36.1867,-94.1288,71.46,96,90,0.0,moderate rain
438,Biloela,AU,-24.4167,150.5,76.19,57,21,18.81,few clouds
439,Kreminna,UA,49.0495,38.2179,44.26,63,7,5.77,clear sky
440,Venado Tuerto,AR,-33.7456,-61.9688,52.77,77,0,7.63,clear sky
441,Bereda,ES,43.2686,-7.5406,55.58,100,100,1.9,overcast clouds
442,Bronnoysund,NO,65.4625,12.1997,53.6,66,91,24.16,overcast clouds
443,Grand-Santi,GF,4.25,-54.3833,75.43,88,100,3.24,overcast clouds
444,Acajutla,SV,13.5928,-89.8275,80.64,81,24,3.4,light rain
445,Louis Trichardt,ZA,-23.0439,29.9032,58.95,95,98,7.72,overcast clouds
446,Parkes,AU,-33.1333,148.1833,64.63,64,23,10.63,few clouds
447,San Cristobal,VE,7.7669,-72.225,68.18,99,58,1.86,broken clouds
448,Xihe,CN,31.6864,113.4659,75.31,69,0,4.12,clear sky
449,Serro,BR,-18.6047,-43.3794,64.17,91,37,1.9,scattered clouds
450,Emmett,US,43.8735,-116.4993,71.49,33,0,2.35,clear sky
451,Zelenogorskiy,RU,55.0333,87.0,37.92,98,100,4.83,light rain
452,Iwaki,JP,37.05,140.8833,68.23,92,100,1.99,overcast clouds
453,Davila,PH,18.4726,120.5763,82.38,78,100,4.32,overcast clouds
454,Naze,JP,28.3667,129.4833,79.72,71,9,4.16,clear sky
455,Alice Springs,AU,-23.7,133.8833,76.55,18,0,6.91,clear sky
456,Atar,MR,20.5169,-13.0499,90.39,15,15,3.85,few clouds
457,Itainopolis,BR,-7.4469,-41.4783,83.64,32,56,2.82,broken clouds
458,Yuncheng,CN,35.0231,110.9928,73.85,65,83,1.88,broken clouds
459,Krasnyy Yar,RU,46.5331,48.3456,40.96,54,2,7.0,clear sky
460,Baiao,BR,-2.7906,-49.6717,74.1,93,43,2.75,scattered clouds
461,Ucluelet,CA,48.9329,-125.5528,58.08,84,0,6.91,clear sky
462,Mangit,UZ,40.5971,70.9607,56.48,41,87,11.72,overcast clouds
463,Hualmay,PE,-11.0964,-77.6139,64.56,83,43,9.33,scattered clouds
464,Limon,CR,10.0,-83.0333,80.42,77,100,3.15,overcast clouds
465,San Pedro,PH,14.35,121.0167,87.03,76,40,4.61,scattered clouds
466,Egvekinot,RU,66.3167,-179.1667,21.33,78,81,11.12,broken clouds
467,Prosvet,RU,55.5703,65.0825,37.94,82,100,10.58,overcast clouds
468,Zhezkazgan,KZ,47.8043,67.7144,37.24,74,9,5.88,clear sky
469,Wuwei,CN,37.9281,102.6414,66.31,21,0,2.42,clear sky
470,Deniliquin,AU,-35.5333,144.9667,57.99,72,100,6.91,light rain
471,Lermontovka,RU,47.1453,134.3383,53.92,60,2,3.62,clear sky
472,Bandarbeyla,SO,9.4942,50.8122,79.47,79,100,20.11,overcast clouds
473,Opunake,NZ,-39.4556,173.8583,56.34,76,31,14.18,scattered clouds
474,Prince Rupert,CA,54.3161,-130.3201,51.49,91,90,3.44,moderate rain
475,Pochutla,MX,15.7432,-96.4661,82.81,86,97,0.94,overcast clouds
476,Oum Hadjer,TD,13.2954,19.6966,81.72,22,5,4.07,clear sky
477,Savelugu,GH,9.6244,-0.8253,75.33,85,100,2.77,overcast clouds
478,Ladario,BR,-19.0047,-57.6017,85.89,38,0,3.15,clear sky
479,Sao Gabriel Da Cachoeira,BR,-0.1303,-67.0892,75.9,88,100,1.21,overcast clouds
480,Bytca,SK,49.224,18.5588,48.94,93,40,3.44,mist
481,Ila,NO,63.4305,10.3705,55.96,65,60,1.99,light rain
482,Rock Sound,BS,24.9,-76.2,81.97,73,8,18.61,clear sky
483,Ranong,TH,9.9658,98.6348,80.53,83,25,0.65,scattered clouds
484,Kashary,RU,49.04,41.0056,42.55,64,7,4.27,clear sky
485,Padilla,CO,3.2204,-76.3139,66.2,93,99,2.06,overcast clouds
486,Ikalamavony,MG,-21.15,46.5833,62.22,82,5,5.19,clear sky
487,Kommunar,RU,59.6206,30.39,42.33,95,25,5.53,scattered clouds
488,Punta Alta,AR,-38.8759,-62.0736,55.94,46,1,10.89,clear sky
489,Qianan,CN,44.9932,124.0581,49.73,47,0,7.05,clear sky
490,Valentin Gomez Farias,MX,28.2167,-106.5833,68.04,32,4,9.78,clear sky
491,Thinadhoo,MV,0.5333,72.9333,82.04,70,99,5.59,overcast clouds
492,Cabedelo,BR,-6.9811,-34.8339,75.87,84,17,12.17,few clouds
493,Grindavik,IS,63.8424,-22.4338,43.27,75,0,19.57,clear sky
494,Sayyan,YE,15.1718,44.3244,60.69,46,100,1.43,overcast clouds
495,Valparaiso,CL,-33.0393,-71.6273,55.04,62,0,6.91,clear sky
496,Mackay,AU,-21.15,149.2,82.69,65,75,11.5,broken clouds
497,Jijiga,ET,9.35,42.8,63.41,83,59,6.71,broken clouds
498,Antanifotsy,MG,-19.65,47.3167,51.53,96,6,2.33,clear sky
499,Nosy Varika,MG,-20.5833,48.5333,66.56,91,9,5.19,clear sky
500,Veraval,IN,20.9,70.3667,80.47,87,100,12.35,overcast clouds
501,Namibe,AO,-15.1961,12.1522,59.77,85,5,3.67,clear sky
502,Borisoglebsk,RU,51.3671,42.0849,40.59,78,12,4.81,few clouds
503,Belaya Gora,RU,68.5333,146.4167,29.14,45,7,10.8,clear sky
504,Picos,BR,-7.0769,-41.4669,86.85,30,98,0.94,overcast clouds
505,Waipawa,NZ,-41.4122,175.5153,57.31,57,2,4.09,clear sky
506,Fujin,CN,47.26,132.0322,53.19,56,12,8.16,few clouds
507,Hwange,ZW,-18.3693,26.5019,77.07,39,0,8.46,clear sky
508,Padang,ID,-0.9492,100.3543,75.25,78,100,2.24,overcast clouds
509,Los Llanos De Aridane,ES,28.6585,-17.9182,74.12,50,90,16.11,overcast clouds
510,Buchanan,LR,5.8808,-10.0467,76.96,87,100,4.38,overcast clouds
511,General Roca,AR,-39.0333,-67.5833,59.4,41,98,22.7,overcast clouds
512,Faya,SA,18.3851,42.4509,60.91,34,37,1.63,scattered clouds
513,Liberal,US,37.0431,-100.921,64.54,63,1,4.61,clear sky
514,Acarau,BR,-2.8856,-40.12,78.71,85,64,9.86,broken clouds
515,Oudtshoorn,ZA,-33.5907,22.2014,55.76,91,0,0.74,clear sky
516,Kupang,ID,-10.1667,123.5833,86.65,52,8,1.79,clear sky
517,Miri,MY,4.4148,114.0089,84.34,79,40,1.14,scattered clouds
518,Harnosand,SE,62.6323,17.9379,51.01,95,100,19.66,overcast clouds
519,Flinders,AU,-34.5833,150.8552,70.21,75,100,5.32,light rain
520,Boende,CD,-0.2167,20.8667,67.5,99,100,1.39,overcast clouds
521,Smithers,CA,54.7804,-127.1743,50.32,81,75,3.44,broken clouds
522,Ishigaki,JP,24.3448,124.1572,86.13,79,75,8.05,broken clouds
523,Naryan-Mar,RU,67.6713,53.087,32.52,84,80,1.34,broken clouds
524,Dicabisagan,PH,17.0818,122.4157,85.1,70,100,0.83,overcast clouds
525,Dakar,SN,14.6937,-17.4441,79.68,80,8,10.74,clear sky
526,Arcata,US,40.8665,-124.0828,72.68,81,1,1.01,clear sky
527,Fergus Falls,US,46.283,-96.0776,70.52,86,40,4.0,scattered clouds
528,Bubaque,GW,11.2833,-15.8333,82.56,77,39,8.43,light rain
529,Vao,NC,-22.6667,167.4833,70.65,86,17,22.21,few clouds
530,Nurmahal,IN,31.0964,75.5967,76.39,81,0,4.59,clear sky
531,Huarmey,PE,-10.0681,-78.1522,65.57,83,56,8.95,broken clouds
532,Narimanov,RU,46.6927,47.8498,40.95,48,0,7.4,clear sky
533,Birao,CF,10.2849,22.7882,72.07,60,97,0.69,overcast clouds
534,Pahalgam,IN,34.0333,75.3333,53.98,84,65,1.68,light rain
535,Malindi,KE,-3.2175,40.1191,76.17,85,95,15.9,light rain
536,Ambilobe,MG,-13.2,49.05,66.88,75,13,4.56,few clouds
537,Pangnirtung,CA,66.1451,-65.7125,35.56,43,12,2.24,few clouds
538,Salima,MW,-13.7804,34.4587,76.91,55,9,12.26,clear sky
539,Port-Gentil,GA,-0.7193,8.7815,77.52,86,100,15.7,light rain
540,Alihe,CN,50.5667,123.7167,41.56,60,79,3.87,broken clouds
541,Phan Thiet,VN,10.9333,108.1,81.0,82,100,2.91,overcast clouds
542,Rio Grande,BR,-32.035,-52.0986,62.94,96,100,28.43,moderate rain
543,Manoel Urbano,BR,-8.8389,-69.2597,76.1,75,32,3.15,scattered clouds
544,Ust-Maya,RU,60.4167,134.5333,36.28,83,100,5.1,overcast clouds
545,Matay,EG,28.419,30.7792,72.19,69,0,13.73,clear sky
546,Bunia,CD,1.5667,30.25,62.38,91,100,2.17,overcast clouds
547,Pala,TD,9.3642,14.9046,73.24,93,100,4.56,overcast clouds
548,Sarab,IR,38.6066,44.9883,50.38,86,0,1.52,clear sky
549,Wangou,CN,42.0623,126.9127,55.98,58,5,3.0,clear sky
550,Stepnyak,KZ,52.8339,70.7803,31.98,92,100,12.59,overcast clouds
551,Saint-Georges,GD,12.0564,-61.7485,82.08,83,20,0.0,few clouds
552,Wagar,SD,16.1525,36.2032,85.84,48,8,11.21,clear sky
553,Shizunai,JP,42.3339,142.3669,67.08,76,100,3.96,overcast clouds
554,Zhuhai,CN,22.2769,113.5678,89.38,89,20,5.75,few clouds
555,Kummersbruck,DE,49.4192,11.8883,47.28,84,94,3.02,overcast clouds
556,Mukhen,RU,48.1,136.1,52.84,58,23,6.85,few clouds
557,Bud,US,39.447,-86.1758,71.58,71,82,6.73,broken clouds
558,North Myrtle Beach,US,33.816,-78.68,77.09,83,75,5.01,broken clouds
559,Dabat,ET,12.9842,37.765,53.73,77,84,3.29,broken clouds
560,Omsukchan,RU,62.5333,155.8,26.15,82,100,8.63,overcast clouds
561,La Tuque,CA,47.4334,-72.7824,48.45,81,80,2.3,broken clouds
562,Dubbo,AU,-32.25,148.6167,69.93,60,40,12.66,scattered clouds
563,Port Augusta,AU,-32.5,137.7667,60.94,59,49,15.93,scattered clouds
564,Elesbao Veloso,BR,-6.2019,-42.1403,84.99,43,80,2.95,broken clouds
565,Bako,ET,5.7833,36.5667,65.32,76,98,4.43,light rain
566,Togur,RU,58.3631,82.8265,36.1,98,100,4.88,light rain
567,Axim,GH,4.8699,-2.2405,76.26,90,100,6.69,light rain
568,Mozarlandia,BR,-14.7447,-50.5706,80.24,61,12,9.28,few clouds
569,Verkhoyansk,RU,67.5447,133.385,30.97,41,18,1.83,few clouds
570,Pedernales,DO,18.0384,-71.744,80.46,77,31,1.72,scattered clouds
571,Te Anau,NZ,-45.4167,167.7167,56.39,58,24,5.12,few clouds
572,La Baule-Escoublac,FR,47.2922,-2.364,62.87,84,75,8.05,broken clouds
573,Bandar,ID,2.05,99.75,75.94,83,100,1.99,overcast clouds
574,Visnes,NO,59.3556,5.2242,53.49,82,75,18.41,light rain
575,Guarapari,BR,-20.6667,-40.4975,73.29,89,97,6.8,overcast clouds
576,Aracati,BR,-4.5617,-37.7697,78.98,81,8,15.86,clear sky
577,Vetluga,RU,57.8557,45.781,41.95,98,100,4.83,overcast clouds
578,Kharovsk,RU,59.9642,40.1912,44.82,95,100,4.14,overcast clouds
579,Jala,MX,21.0833,-104.4333,73.38,79,100,1.99,overcast clouds
580,Buala,SB,-8.145,159.5921,84.65,67,100,6.46,light rain
581,Fairbanks,US,64.8378,-147.7164,39.6,65,90,3.44,overcast clouds
582,Buraydah,SA,26.326,43.975,73.85,14,0,8.14,clear sky
583,Wajima,JP,37.4,136.9,74.08,88,75,8.05,moderate rain
584,Henties Bay,NA,-22.116,14.2845,54.86,82,100,9.51,overcast clouds
585,Chapais,CA,49.7834,-74.8492,47.98,69,100,3.36,overcast clouds
586,Neiafu,TO,-18.65,-173.9833,81.28,74,75,13.8,broken clouds
587,Siparia,TT,10.1333,-61.5,81.95,83,51,11.48,broken clouds
588,Half Moon Bay,US,37.4636,-122.4286,88.41,27,1,8.05,clear sky
589,Belmonte,BR,-15.8631,-38.8828,77.5,85,0,8.55,clear sky
590,Salmas,IR,38.1973,44.7653,43.79,90,1,2.19,clear sky
591,Pemangkat,ID,1.1667,108.9667,78.4,87,100,5.01,overcast clouds
592,Baghdad,IQ,33.3406,44.4009,82.31,30,0,10.36,clear sky
593,Menongue,AO,-14.6585,17.691,69.93,51,100,6.42,overcast clouds
594,Plattsburgh,US,44.6995,-73.4529,53.42,76,90,1.99,overcast clouds
595,Dolgorukovo,RU,52.3195,38.3453,39.47,86,7,3.98,clear sky
596,Fengzhen,CN,40.4394,113.1536,51.75,33,6,1.12,clear sky
597,Venice,US,27.0998,-82.4543,82.98,71,1,1.99,clear sky
598,Worland,US,44.0169,-107.9554,62.08,33,1,0.0,clear sky
599,Tautira,PF,-17.7333,-149.15,84.22,77,27,15.26,light rain
600,Yokadouma,CM,3.5167,15.05,69.04,100,100,1.59,moderate rain
601,Dondo,MZ,-19.6094,34.7431,67.95,93,0,2.95,clear sky
602,Artesia,US,33.8658,-118.0831,92.68,39,1,4.0,clear sky
603,Vila Franca Do Campo,PT,37.7167,-25.4333,70.2,90,26,2.46,scattered clouds
604,Suaza,CO,1.9761,-75.7945,66.63,94,100,1.48,overcast clouds
605,Mizdah,LY,31.4451,12.9801,63.73,88,0,4.59,clear sky
606,Coolum Beach,AU,-26.5333,153.1,70.11,80,100,11.52,light rain
607,Juneau,US,58.3019,-134.4197,48.25,96,90,12.66,moderate rain
608,Limoux,FR,42.9167,2.1667,56.16,88,0,3.06,clear sky
609,Amalapuram,IN,16.5833,82.0167,79.18,92,11,2.82,few clouds
610,Denia,ES,38.8408,0.1057,72.84,83,29,5.01,scattered clouds
611,Kamenskiy,RU,50.8855,45.488,45.9,56,96,4.63,overcast clouds
612,Uchaly,RU,54.2996,59.4521,31.95,84,98,8.57,overcast clouds
613,Alghero,IT,40.5589,8.3181,65.98,94,0,3.44,clear sky
614,Xiaolingwei,CN,32.0333,118.85,76.98,63,0,3.65,clear sky
615,Kamenka,RU,51.3223,42.7678,40.62,79,21,4.94,few clouds
616,Fallon,US,39.4735,-118.7774,71.47,12,20,5.75,few clouds
617,Aksay,RU,47.26,39.87,45.25,46,0,8.99,clear sky
618,Ochakiv,UA,46.6128,31.5498,44.74,52,0,13.31,clear sky
619,Uige,AO,-7.6087,15.0613,66.83,96,100,2.64,light rain
620,Severodvinsk,RU,64.5635,39.8302,46.51,95,100,5.73,overcast clouds
621,Mirnyy,RU,62.5353,113.9611,32.67,65,45,6.38,scattered clouds
622,Belyy Yar,RU,53.6039,91.3903,44.49,87,0,13.42,clear sky
623,Akyab,MM,20.15,92.9,80.19,81,6,6.06,clear sky
624,Ekhabi,RU,53.5102,142.9671,53.74,75,74,8.84,light rain
625,Aswan,EG,24.0934,32.907,77.54,40,0,12.15,clear sky
626,Palmer,US,42.1584,-72.3287,53.46,81,20,3.44,few clouds
627,Yining,CN,29.0361,114.5636,78.48,72,0,1.25,clear sky
628,Melnikovo,RU,56.5558,84.085,39.16,98,100,5.88,light rain
629,Rocha,UY,-34.4833,-54.3333,56.23,98,100,15.43,overcast clouds
630,Le Port,RE,-20.9373,55.2919,71.56,76,11,7.7,few clouds
631,Black River,JM,18.0264,-77.8487,84.2,79,1,4.16,clear sky
632,Jardim,BR,-21.4803,-56.1381,88.52,35,99,6.51,overcast clouds
633,Camapua,BR,-19.5314,-54.0439,84.42,40,6,1.54,clear sky
634,Chicama,PE,-7.8447,-79.1469,59.54,82,88,6.22,overcast clouds
635,Urdoma,RU,61.7533,48.5442,44.98,96,100,3.36,overcast clouds
636,San Juan,AR,-31.5375,-68.5364,66.72,29,0,14.32,clear sky
637,Flores,GT,16.9226,-89.8994,81.01,72,80,4.34,broken clouds
638,Pleasanton,US,37.6624,-121.8747,87.8,23,1,1.01,clear sky
639,Delray Beach,US,26.4615,-80.0728,83.01,78,20,5.99,few clouds
640,Berbera,SO,10.4396,45.0143,87.1,73,100,3.11,overcast clouds
641,Vila Velha,BR,-20.3297,-40.2925,73.35,83,75,5.75,broken clouds
642,Jalu,LY,29.0331,21.5482,73.74,61,0,8.68,clear sky
643,Verkhnevilyuysk,RU,63.4453,120.3167,32.09,65,94,4.85,overcast clouds
644,Ebensee,AT,47.8072,13.779,47.88,89,86,4.61,overcast clouds
645,The Valley,AI,18.217,-63.0578,84.06,66,0,5.23,clear sky
646,Altay,CN,47.8667,88.1167,45.39,97,100,1.52,moderate rain
647,Suez,EG,29.9737,32.5263,69.53,85,0,8.93,clear sky
648,Cruz Das Almas,BR,-12.67,-39.1019,68.36,96,0,3.74,clear sky
649,Serebryanyy Bor,RU,56.8,124.8,28.36,90,100,10.74,light snow
650,San Lawrenz,MT,36.0553,14.204,73.85,82,6,4.63,clear sky
651,Vostok,RU,46.4856,135.8833,51.53,58,100,4.03,overcast clouds
652,Sennoy,RU,52.1509,46.9631,46.74,62,100,3.87,overcast clouds
653,Sisimiut,GL,66.9395,-53.6735,33.13,69,100,9.78,overcast clouds
654,Mataundh,IN,25.45,80.15,79.0,83,0,5.19,clear sky
655,Oranjemund,NA,-28.55,16.4333,56.25,93,46,5.73,scattered clouds
656,Soria,ES,41.6667,-2.6667,46.85,69,98,1.52,overcast clouds
657,Satwas,IN,22.5333,76.6833,75.38,89,49,4.0,scattered clouds
658,Finca Blanco,PA,8.3833,-82.8667,81.84,91,98,3.38,overcast clouds
659,Breytovo,RU,58.2993,37.8617,42.6,79,53,5.28,broken clouds
660,Puerto Narino,CO,-3.7703,-70.3831,73.35,93,100,2.57,overcast clouds
661,Inirida,CO,3.8653,-67.9239,73.8,96,93,2.86,overcast clouds
662,Shenjiamen,CN,29.9576,122.298,75.13,69,0,5.88,clear sky
663,Ternate,ID,0.8,127.4,83.28,73,97,0.89,overcast clouds
664,Vanavara,RU,60.34,102.2797,32.65,76,44,3.42,scattered clouds
665,Jiayuguan,CN,39.8167,98.3,57.94,25,0,3.31,clear sky
666,Buncrana,IE,55.1333,-7.45,51.49,95,97,12.21,moderate rain
667,Kardla,EE,58.9978,22.7492,47.05,94,100,9.31,overcast clouds
668,Nova Olimpia,BR,-14.7972,-57.2881,87.71,41,90,4.16,overcast clouds
669,Mehamn,NO,71.0357,27.8492,42.71,83,19,9.62,few clouds
670,Takestan,IR,36.0696,49.6959,51.93,83,9,8.55,clear sky
671,Kerema,PG,-7.9631,145.7785,83.52,77,67,8.3,broken clouds
672,Shingu,JP,33.7333,135.9833,77.99,66,100,4.68,moderate rain
673,Erenhot,CN,43.6475,111.9767,48.72,29,49,11.23,scattered clouds
674,Eydhafushi,MV,5.1033,73.0708,81.05,78,30,10.85,scattered clouds
675,Libreville,GA,0.3925,9.4537,78.82,94,75,11.5,light rain
676,Moses Lake,US,47.1301,-119.2781,65.28,72,90,9.22,light rain
677,Baie-Comeau,CA,49.2168,-68.1489,46.4,87,90,9.22,overcast clouds
678,Beruwala,LK,6.4788,79.9828,79.47,84,100,5.61,overcast clouds
679,Bulaevo,KZ,54.9056,70.4439,33.03,73,100,9.93,overcast clouds
680,Pitimbu,BR,-7.4706,-34.8086,75.79,84,16,11.39,few clouds
681,Mana,GF,5.6592,-53.7767,79.41,83,48,9.33,scattered clouds
682,Upington,ZA,-28.4478,21.2561,61.18,25,0,3.44,clear sky
683,Samut Songkhram,TH,13.4,99.9583,82.94,76,85,2.39,overcast clouds
684,Nyimba,ZM,-14.5566,30.8149,74.77,51,0,9.89,clear sky
685,Broken Hill,AU,-31.95,141.4333,64.11,55,90,16.11,overcast clouds
686,Ingham,US,42.6,-84.3833,61.83,85,1,0.0,clear sky
687,Novoagansk,RU,61.9449,76.6625,32.68,91,100,14.2,overcast clouds
688,Aromashevo,RU,56.8602,68.6375,34.43,97,100,9.95,light rain
689,Utete,TZ,-7.986,38.758,71.47,91,62,1.99,broken clouds
690,Tecolutla,MX,20.4833,-97.0167,82.4,83,100,8.28,overcast clouds
691,Kosice,SK,48.6667,21.3333,50.97,90,90,11.5,overcast clouds
692,Tutoia,BR,-2.7619,-42.2744,79.03,87,15,9.82,few clouds
693,La Palma,US,33.8464,-118.0467,92.71,37,20,4.0,few clouds
694,Williams Lake,CA,52.1415,-122.1445,60.37,33,75,5.01,broken clouds
